transaction_id,status,status_datetime
0011a22b-33c4-4d5e-6f7a-8b9c0d1e2f3g,approved,2025-01-01 10:15:32
0011a22b-33c4-4d5e-6f7a-8b9c0d1e2f3g,settled,2025-01-01 12:45:00
0011a22b-33c4-4d5e-6f7a-8b9c0d1e2f3g,complete,2025-01-01 12:46:15
0233c44d-55e6-6f7a-8b9c-0d1e2f3g4h5l,approved,2025-01-17 07:00:02
0233c44d-55e6-6f7a-8b9c-0d1e2f3g4h5l,settled,2025-01-17 11:00:00
0233c44d-55e6-6f7a-8b9c-0d1e2f3g4h5l,complete,2025-01-17 11:01:55
0455e66f-77a8-8b9c-0d1e-2f3g4h5i6j7q,approved,2025-01-02 09:00:17
0455e66f-77a8-8b9c-0d1e-2f3g4h5i6j7q,held,2025-01-02 14:00:00
0677g88b-99c0-0d1e-2f3g-4h5i6j7k8l9n,approved,2025-01-09 05:00:01
0677g88b-99c0-0d1e-2f3g-4h5i6j7k8l9n,held,2025-01-09 09:30:00
0677g88b-99c0-0d1e-2f3g-4h5i6j7k8l9n,settled,2025-01-11 09:30:00
0677g88b-99c0-0d1e-2f3g-4h5i6j7k8l9n,complete,2025-01-11 09:31:05
0899i00d-11e2-2f3g-4h5i-6j7k8l9m0n1s,declined,2025-01-25 10:50:02
0899i00d-11e2-2f3g-4h5i-6j7k8l9m0n1s,complete,2025-01-25 10:50:52
0a11a22b-33c4-4d5e-6f7a-8b9c0d1e2f3p,approved,2025-01-10 10:00:03
0a11a22b-33c4-4d5e-6f7a-8b9c0d1e2f3p,settled,2025-01-10 14:00:00
0a11a22b-33c4-4d5e-6f7a-8b9c0d1e2f3p,complete,2025-01-10 14:01:10
1122b33c-44d5-5e6f-7a8b-9c0d1e2f3g4h,approved,2025-01-01 14:45:01
1122b33c-44d5-5e6f-7a8b-9c0d1e2f3g4h,settled,2025-01-01 18:30:00
1122b33c-44d5-5e6f-7a8b-9c0d1e2f3g4h,complete,2025-01-01 18:31:55
1344d55e-66f7-7a8b-9c0d-1e2f3g4h5i6m,approved,2025-01-17 19:00:01
1344d55e-66f7-7a8b-9c0d-1e2f3g4h5i6m,held,2025-01-18 01:00:00
1344d55e-66f7-7a8b-9c0d-1e2f3g4h5i6m,settled,2025-01-20 01:00:00
1344d55e-66f7-7a8b-9c0d-1e2f3g4h5i6m,complete,2025-01-20 01:01:10
1566f77a-88b9-9c0d-1e2f-3g4h5i6j7k8r,approved,2025-01-02 19:30:46
1566f77a-88b9-9c0d-1e2f-3g4h5i6j7k8r,settled,2025-01-03 01:30:00
1566f77a-88b9-9c0d-1e2f-3g4h5i6j7k8r,complete,2025-01-03 01:31:05
1788h99c-00d1-1e2f-3g4h-5i6j7k8l9m0o,approved,2025-01-09 16:50:02
1788h99c-00d1-1e2f-3g4h-5i6j7k8l9m0o,settled,2025-01-10 00:00:00
1788h99c-00d1-1e2f-3g4h-5i6j7k8l9m0o,completed,2025-01-10 00:01:50
1900j11e-22f3-3g4h-5i6j-7k8l9m0n1o2t,approved,2025-01-25 16:50:01
1900j11e-22f3-3g4h-5i6j-7k8l9m0n1o2t,settled,2025-01-25 21:00:00
1900j11e-22f3-3g4h-5i6j-7k8l9m0n1o2t,complete,2025-01-25 21:01:25
1b22b33c-44d5-5e6f-7a8b-9c0d1e2f3g4p,declined,2025-01-10 17:00:02
1b22b33c-44d5-5e6f-7a8b-9c0d1e2f3g4p,complete,2025-01-10 17:00:38
2011a22b-33c4-4d5e-6f7a-8b9c0d1e2f3l,approved,2025-01-26 08:00:03
2011a22b-33c4-4d5e-6f7a-8b9c0d1e2f3l,settled,2025-01-26 12:00:00
2011a22b-33c4-4d5e-6f7a-8b9c0d1e2f3l,complete,2025-01-26 12:01:10
2233c44d-55e6-6f7a-8b9c-0d1e2f3g4h5i,approved,2025-01-02 08:00:17
2233c44d-55e6-6f7a-8b9c-0d1e2f3g4h5i,settled,2025-01-02 09:00:00
2233c44d-55e6-6f7a-8b9c-0d1e2f3g4h5i,complete,2025-01-02 09:01:40
2455e66f-77a8-8b9c-0d1e-2f3g4h5i6j7n,approved,2025-01-18 10:00:03
2455e66f-77a8-8b9c-0d1e-2f3g4h5i6j7n,settled,2025-01-18 13:00:00
2455e66f-77a8-8b9c-0d1e-2f3g4h5i6j7n,complete,2025-01-18 13:01:45
2677g88b-99c0-0d1e-2f3g-4h5i6j7k8l9s,declined,2025-01-03 10:10:06
2677g88b-99c0-0d1e-2f3g-4h5i6j7k8l9s,complete,2025-01-03 10:11:26
2899i00d-11e2-2f3g-4h5i-6j7k8l9m0n1p,approved,2025-01-10 10:00:01
2899i00d-11e2-2f3g-4h5i-6j7k8l9m0n1p,settled,2025-01-10 14:30:00
2899i00d-11e2-2f3g-4h5i-6j7k8l9m0n1p,complete,2025-01-10 14:31:10
2c33c44d-55e6-6f7a-8b9c-0d1e2f3g4h5p,approved,2025-01-11 08:00:01
2c33c44d-55e6-6f7a-8b9c-0d1e2f3g4h5p,settled,2025-01-11 11:00:00
2c33c44d-55e6-6f7a-8b9c-0d1e2f3g4h5p,complete,2025-01-11 11:01:50
3122b33c-44d5-5e6f-7a8b-9c0d1e2f3g4m,approved,2025-01-26 12:00:02
3122b33c-44d5-5e6f-7a8b-9c0d1e2f3g4m,held,2025-01-26 17:00:00
3122b33c-44d5-5e6f-7a8b-9c0d1e2f3g4m,settled,2025-01-28 17:00:00
3122b33c-44d5-5e6f-7a8b-9c0d1e2f3g4m,complete,2025-01-28 17:01:00
3344d55e-66f7-7a8b-9c0d-1e2f3g4h5i6j,approved,2025-01-02 18:30:46
3344d55e-66f7-7a8b-9c0d-1e2f3g4h5i6j,approved,2025-01-02 18:30:46
3344d55e-66f7-7a8b-9c0d-1e2f3g4h5i6j,held,2025-01-03 00:00:00
3344d55e-66f7-7a8b-9c0d-1e2f3g4h5i6j,settled,2025-01-04 00:00:00
3344d55e-66f7-7a8b-9c0d-1e2f3g4h5i6j,complete,2025-01-04 00:01:45
3566f77a-88b9-9c0d-1e2f-3g4h5i6j7k8o,approved,2025-01-18 16:00:02
3566f77a-88b9-9c0d-1e2f-3g4h5i6j7k8o,settled,2025-01-18 20:00:00
3566f77a-88b9-9c0d-1e2f-3g4h5i6j7k8o,complete,2025-01-18 20:01:00
3788h99c-00d1-1e2f-3g4h-5i6j7k8l9m0t,approved,2025-01-03 16:55:51
3788h99c-00d1-1e2f-3g4h-5i6j7k8l9m0t,settled,2025-01-03 21:55:00
3788h99c-00d1-1e2f-3g4h-5i6j7k8l9m0t,complete,2025-01-03 21:56:30
3900j11e-22f3-3g4h-5i6j-7k8l9m0n1o2q,approved,2025-01-10 17:00:03
3d44d55e-66f7-7a8b-9c0d-1e2f3g4h5i6p,approved,2025-01-11 12:00:03
3d44d55e-66f7-7a8b-9c0d-1e2f3g4h5i6p,settled,2025-01-11 17:00:00
4011a22b-33c4-4d5e-6f7a-8b9c0d1e2f3i,approved,2025-01-11 08:00:02
4011a22b-33c4-4d5e-6f7a-8b9c0d1e2f3i,settled,2025-01-11 10:00:00
4011a22b-33c4-4d5e-6f7a-8b9c0d1e2f3i,complete,2025-01-11 10:01:20
4233c44d-55e6-6f7a-8b9c-0d1e2f3g4h5n,approved,2025-01-27 09:30:01
4233c44d-55e6-6f7a-8b9c-0d1e2f3g4h5n,settled,2025-01-27 15:30:00
4233c44d-55e6-6f7a-8b9c-0d1e2f3g4h5n,complete,2025-01-27 15:31:55
4455e66f-77a8-8b9c-0d1e-2f3g4h5i6j7k,approved,2025-01-03 09:10:06
4455e66f-77a8-8b9c-0d1e-2f3g4h5i6j7k,settled,2025-01-03 14:00:00
4455e66f-77a8-8b9c-0d1e-2f3g4h5i6j7k,complete,2025-01-03 14:01:05
4677g88b-99c0-0d1e-2f3g-4h5i6j7k8l9p,declined,2025-01-19 06:40:01
4677g88b-99c0-0d1e-2f3g-4h5i6j7k8l9p,complete,2025-01-19 06:40:41
4899i00d-11e2-2f3g-4h5i-6j7k8l9m0n1u,approved,2025-01-04 07:20:12
4899i00d-11e2-2f3g-4h5i-6j7k8l9m0n1u,settled,2025-01-04 13:00:00
4899i00d-11e2-2f3g-4h5i-6j7k8l9m0n1u,complete,2025-01-04 13:01:50
5122b33c-44d5-5e6f-7a8b-9c0d1e2f3g4j,approved,2025-01-11 12:00:01
5122b33c-44d5-5e6f-7a8b-9c0d1e2f3g4j,settled,2025-01-11 16:00:00
5122b33c-44d5-5e6f-7a8b-9c0d1e2f3g4j,complete,2999-01-11 16:01:45
5122b33c-44d5-5e6f-7a8b-9c0d1e2f3g4j,complete,2025-01-11 16:01:45
5344d55e-66f7-7a8b-9c0d-1e2f3g4h5i6o,declined,2025-01-27 16:30:03
5344d55e-66f7-7a8b-9c0d-1e2f3g4h5i6o,complete,2025-01-27 16:30:11
5566f77a-88b9-9c0d-1e2f-3g4h5i6j7k8l,declined,2025-01-03 15:55:51
5566f77a-88b9-9c0d-1e2f-3g4h5i6j7k8l,complete,2025-01-03 15:56:01
5788h99c-00d1-1e2f-3g4h-5i6j7k8l9m0q,approved,2025-01-19 12:00:03
5788h99c-00d1-1e2f-3g4h-5i6j7k8l9m0q,settled,2025-01-19 18:00:00
5788h99c-00d1-1e2f-3g4h-5i6j7k8l9m0q,complete,2025-01-19 18:01:20
5900j11e-22f3-3g4h-5i6j-7k8l9m0n1o2v,approved,2025-01-04 13:40:26
5900j11e-22f3-3g4h-5i6j-7k8l9m0n1o2v,held,2025-01-04 18:40:00
6011a22b-33c4-4d5e-6f7a-8b9c0d1e2f3n,approved,2025-01-05 11:05:37
6011a22b-33c4-4d5e-6f7a-8b9c0d1e2f3n,settled,2025-01-05 16:00:00
6011a22b-33c4-4d5e-6f7a-8b9c0d1e2f3n,complete,2025-01-05 16:01:05
6233c44d-55e6-6f7a-8b9c-0d1e2f3g4h5k,approved,2025-01-12 09:30:03
6233c44d-55e6-6f7a-8b9c-0d1e2f3g4h5k,held,2025-01-12 15:30:00
6233c44d-55e6-6f7a-8b9c-0d1e2f3g4h5k,settled,2025-01-14 15:30:00
6233c44d-55e6-6f7a-8b9c-0d1e2f3g4h5k,complete,2025-01-14 15:31:55
6455e66f-77a8-8b9c-0d1e-2f3g4h5i6j7p,approved,2025-01-28 10:45:02
6455e66f-77a8-8b9c-0d1e-2f3g4h5i6j7p,settled,2025-01-28 15:45:00
6455e66f-77a8-8b9c-0d1e-2f3g4h5i6j7p,complete,2025-01-28 15:46:20
6677g88b-99c0-0d1e-2f3g-4h5i6j7k8l9m,approved,2025-01-04 06:20:12
6677g88b-99c0-0d1e-2f3g-4h5i6j7k8l9m,settled,2025-01-04 10:30:00
6677g88b-99c0-0d1e-2f3g-4h5i6j7k8l9m,complete,2025-01-04 10:31:30
6899i00d-11e2-2f3g-4h5i-6j7k8l9m0n1r,approved,2025-01-20 11:15:02
6899i00d-11e2-2f3g-4h5i-6j7k8l9m0n1r,settled,2025-01-20 16:00:00
6899i00d-11e2-2f3g-4h5i-6j7k8l9m0n1r,complete,2025-01-20 16:01:05
7122b33c-44d5-5e6f-7a8b-9c0d1e2f3g4o,approved,2025-01-05 16:15:43
7122b33c-44d5-5e6f-7a8b-9c0d1e2f3g4o,settled,2025-01-05 23:00:00
7122b33c-44d5-5e6f-7a8b-9c0d1e2f3g4o,complete,2025-01-05 23:01:40
7344d55e-66f7-7a8b-9c0d-1e2f3g4h5i6l,approved,2025-01-12 16:30:02
7344d55e-66f7-7a8b-9c0d-1e2f3g4h5i6l,settled,2025-01-12 21:00:00
7344d55e-66f7-7a8b-9c0d-1e2f3g4h5i6l,complete,2025-01-12 21:01:00
7566f77a-88b9-9c0d-1e2f-3g4h5i6j7k8q,approved,2025-01-28 18:45:01
7566f77a-88b9-9c0d-1e2f-3g4h5i6j7k8q,settled,2025-01-29 00:00:00
7566f77a-88b9-9c0d-1e2f-3g4h5i6j7k8q,complete,2025-01-29 00:01:00
7788h99c-00d1-1e2f-3g4h-5i6j7k8l9m0n,approved,2025-01-04 12:40:27
7788h99c-00d1-1e2f-3g4h-5i6j7k8l9m0n,settled,2025-01-04 19:45:00
7788h99c-00d1-1e2f-3g4h-5i6j7k8l9m0n,complete,2025-01-04 19:46:50
7900j11e-22f3-3g4h-5i6j-7k8l9m0n1o2s,approved,2025-01-20 17:15:01
7900j11e-22f3-3g4h-5i6j-7k8l9m0n1o2s,held,2025-01-21 00:00:00
7900j11e-22f3-3g4h-5i6j-7k8l9m0n1o2s,settled,2025-01-23 00:00:00
7900j11e-22f3-3g4h-5i6j-7k8l9m0n1o2s,complete,2025-01-23 00:01:20
8011a22b-33c4-4d5e-6f7a-8b9c0d1e2f3k,approved,2025-01-21 08:30:03
8011a22b-33c4-4d5e-6f7a-8b9c0d1e2f3k,settled,2025-01-21 12:00:00
8011a22b-33c4-4d5e-6f7a-8b9c0d1e2f3k,complete,2025-01-21 12:01:40
8233c44d-55e6-6f7a-8b9c-0d1e2f3g4h5p,approved,2025-01-06 14:44:200000000
8233c44d-55e6-6f7a-8b9c-0d1e2f3g4h5p,settled,2025-01-06 13:11:00
8233c44d-55e6-6f7a-8b9c-0d1e2f3g4h5p,complete,2025-01-06 13:12:15
8455e66f-77a8-8b9c-0d1e-2f3g4h5i6j7m,approved,2025-01-13 10:45:01
8455e66f-77a8-8b9c-0d1e-2f3g4h5i6j7m,settled,2025-01-13 13:45:00
8455e66f-77a8-8b9c-0d1e-2f3g4h5i6j7m,complete,2025-01-13 13:46:30
8677g88b-99c0-0d1e-2f3g-4h5i6j7k8l9r,approved,2025-01-29 06:10:03
8677g88b-99c0-0d1e-2f3g-4h5i6j7k8l9r,settled,2025-01-29 11:30:00
8677g88b-99c0-0d1e-2f3g-4h5i6j7k8l9r,complete,2025-01-29 11:31:45
8899i00d-11e2-2f3g-4h5i-6j7k8l9m0n1o,approved,2025-01-05 11:05:37
8899i00d-11e2-2f3g-4h5i-6j7k8l9m0n1o,settled,2025-01-05 15:15:00
8899i00d-11e2-2f3g-4h5i-6j7k8l9m0n1o,complete,2025-01-05 15:16:50
9122b33c-44d5-5e6f-7a8b-9c0d1e2f3g4l,approved,2025-01-21 13:00:02
9122b33c-44d5-5e6f-7a8b-9c0d1e2f3g4l,settled,2025-01-21 18:00:00
9122b33c-44d5-5e6f-7a8b-9c0d1e2f3g4l,complete,2025-01-21 18:01:30
9344d55e-66f7-7a8b-9c0d-1e2f3g4h5i6q,declined,2025-01-06 13:22:01
9344d55e-66f7-7a8b-9c0d-1e2f3g4h5i6q,complete,2025-01-06 13:22:36
9566f77a-88b9-9c0d-1e2f-3g4h5i6j7k8n,approved,2025-01-13 18:45:03
9566f77a-88b9-9c0d-1e2f-3g4h5i6j7k8n,settled,2025-01-14 00:00:00
9566f77a-88b9-9c0d-1e2f-3g4h5i6j7k8n,complete,2025-01-14 00:01:15
9788h99c-00d1-1e2f-3g4h-5i6j7k8l9m0s,approved,2025-01-29 13:50:02
9788h99c-00d1-1e2f-3g4h-5i6j7k8l9m0s,held,2025-01-29 18:00:00
9788h99c-00d1-1e2f-3g4h-5i6j7k8l9m0s,settled,2025-01-31 18:00:00
9788h99c-00d1-1e2f-3g4h-5i6j7k8l9m0s,complete,2025-01-31 18:01:45
9900j11e-22f3-3g4h-5i6j-7k8l9m0n1o2p,approved,2025-01-05 16:15:42
9900j11e-22f3-3g4h-5i6j-7k8l9m0n1o2p,settled,2025-01-05 23:59:00
9900j11e-22f3-3g4h-5i6j-7k8l9m0n1o2p,complete,2025-01-06 00:00:30
a011a22b-33c4-4d5e-6f7a-8b9c0d1e2f3h,approved,2025-01-06 09:11:01
a011a22b-33c4-4d5e-6f7a-8b9c0d1e2f3h,held,2025-01-06 15:00:00
a011a22b-33c4-4d5e-6f7a-8b9c0d1e2f3h,settled,2025-01-07 15:00:00
a011a22b-33c4-4d5e-6f7a-8b9c0d1e2f3h,complete,2025-01-07 15:01:20
a233c44d-55e6-6f7a-8b9c-0d1e2f3g4h5m,declined,2025-01-22 09:00:01
a233c44d-55e6-6f7a-8b9c-0d1e2f3g4h5m,complete,2025-01-22 09:00:19
a455e66f-77a8-8b9c-0d1e-2f3g4h5i6j7r,approved,2025-01-07 07:44:03
a455e66f-77a8-8b9c-0d1e-2f3g4h5i6j7r,settled,2025-01-07 10:44:00
a455e66f-77a8-8b9c-0d1e-2f3g4h5i6j7r,complete,2025-01-07 10:45:50
a677g88b-99c0-0d1e-2f3g-4h5i6j7k8l9o,approved,2025-01-14 06:10:02
a677g88b-99c0-0d1e-2f3g-4h5i6j7k8l9o,settled,2025-01-14 11:30:00
a677g88b-99c0-0d1e-2f3g-4h5i6j7k8l9o,complete,2025-01-14 11:31:05
a899i00d-11e2-2f3g-4h5i-6j7k8l9m0n1t,approved,2025-01-30 11:30:01
a899i00d-11e2-2f3g-4h5i-6j7k8l9m0n1t,settled,2025-01-30 15:30:00
a899i00d-11e2-2f3g-4h5i-6j7k8l9m0n1t,complete,2025-01-30 15:31:25
b122b33c-44d5-5e6f-7a8b-9c0d1e2f3g4i,approved,2025-01-06 13:22:03
b122b33c-44d5-5e6f-7a8b-9c0d1e2f3g4i,settled,2025-01-06 17:30:00
b122b33c-44d5-5e6f-7a8b-9c0d1e2f3g4i,complete,2025-01-06 17:31:00
b344d55e-66f7-7a8b-9c0d-1e2f3g4h5i6n,approved,2025-01-22 15:00:03
b344d55e-66f7-7a8b-9c0d-1e2f3g4h5i6n,settled,2025-01-22 20:30:00
b344d55e-66f7-7a8b-9c0d-1e2f3g4h5i6n,complete,2025-01-22 20:31:05
b566f77a-88b9-9c0d-1e2f-3g4h5i6j7k8s,approved,2025-01-07 15:30:02
b566f77a-88b9-9c0d-1e2f-3g4h5i6j7k8s,held,2025-01-07 20:30:00
b788h99c-00d1-1e2f-3g4h-5i6j7k8l9m0p,approved,2025-01-14 13:50:01
b788h99c-00d1-1e2f-3g4h-5i6j7k8l9m0p,held,2025-01-14 19:00:00
b788h99c-00d1-1e2f-3g4h-5i6j7k8l9m0p,settled,2025-01-16 19:00:00
b788h99c-00d1-1e2f-3g4h-5i6j7k8l9m0p,complete,2025-01-16 19:01:30
b900j11e-22f3-3g4h-5i6j-7k8l9m0n1o2u,declined,2025-01-30 17:30:03
b900j11e-22f3-3g4h-5i6j-7k8l9m0n1o2u,complete,2025-01-30 17:30:52
c011a22b-33c4-4d5e-6f7a-8b9c0d1e2f3m,approved,2025-01-31 09:00:02
c011a22b-33c4-4d5e-6f7a-8b9c0d1e2f3m,settled,2025-01-31 12:00:00
c011a22b-33c4-4d5e-6f7a-8b9c0d1e2f3m,complete,2025-01-31 12:01:40
c233c44d-55e6-6f7a-8b9c-0d1e2f3g4h5j,declined,2025-01-07 07:44:02
c233c44d-55e6-6f7a-8b9c-0d1e2f3g4h5j,complete,2025-01-07 07:44:31
c455e66f-77a8-8b9c-0d1e-2f3g4h5i6j7o,approved,2025-01-23 10:20:01
c455e66f-77a8-8b9c-0d1e-2f3g4h5i6j7o,settled,2025-01-23 14:20:00
c455e66f-77a8-8b9c-0d1e-2f3g4h5i6j7o,complete,2025-01-23 14:21:50
c677g88b-99c0-0d1e-2f3g-4h5i6j7k8l9t,approved,2025-01-08 11:00:01
c677g88b-99c0-0d1e-2f3g-4h5i6j7k8l9t,settled,2025-01-08 15:00:00
c677g88b-99c0-0d1e-2f3g-4h5i6j7k8l9t,complete,2025-01-08 15:01:20
c899i00d-11e2-2f3g-4h5i-6j7k8l9m0n1q,approved,2025-01-15 11:30:02
c899i00d-11e2-2f3g-4h5i-6j7k8l9m0n1q,settled,2025-01-15 15:30:00
c899i00d-11e2-2f3g-4h5i-6j7k8l9m0n1q,complete,2025-01-15 15:31:40
d122b33c-44d5-5e6f-7a8b-9c0d1e2f3g4n,approved,2025-01-31 14:00:01
d122b33c-44d5-5e6f-7a8b-9c0d1e2f3g4n,settled,2025-01-31 18:00:00
d122b33c-44d5-5e6f-7a8b-9c0d1e2f3g4n,complete,2025-01-31 18:01:15
d344d55e-66f7-7a8b-9c0d-1e2f3g4h5i6k,approved,2025-01-07 15:30:01
d344d55e-66f7-7a8b-9c0d-1e2f3g4h5i6k,settled,2025-01-07 20:00:00
d344d55e-66f7-7a8b-9c0d-1e2f3g4h5i6k,complete,2025-01-07 20:01:25
d566f77a-88b9-9c0d-1e2f-3g4h5i6j7k8p,approved,2025-01-23 18:20:02
d566f77a-88b9-9c0d-1e2f-3g4h5i6j7k8p,settled,2025-01-23 23:59:00
d566f77a-88b9-9c0d-1e2f-3g4h5i6j7k8p,complete,2025-01-24 00:00:15
d788h99c-00d1-1e2f-3g4h-5i6j7k8l9m0u,approved,2025-01-08 19:15:03
d788h99c-00d1-1e2f-3g4h-5i6j7k8l9m0u,settled,2025-01-09 01:15:00
d788h99c-00d1-1e2f-3g4h-5i6j7k8l9m0u,complete,2025-01-09 01:16:35
d900j11e-22f3-3g4h-5i6j-7k8l9m0n1o2r,declined,2025-01-15 17:30:01
d900j11e-22f3-3g4h-5i6j-7k8l9m0n1o2r,complete,2025-01-15 17:30:47
e011a22b-33c4-4d5e-6f7a-8b9c0d1e2f3j,approved,2025-01-16 09:00:03
e011a22b-33c4-4d5e-6f7a-8b9c0d1e2f3j,settled,2025-01-16 12:00:00
e011a22b-33c4-4d5e-6f7a-8b9c0d1e2f3j,complete,2025-01-16 12:01:25
e233c44d-55e6-6f7a-8b9c-0d1e2f3g4h5o,approved,2025-01-01 11:15:32
e233c44d-55e6-6f7a-8b9c-0d1e2f3g4h5o,settled,2025-01-01 15:00:00
e233c44d-55e6-6f7a-8b9c-0d1e2f3g4h5o,complete,2025-01-01 15:01:00
e455e66f-77a8-8b9c-0d1e-2f3g4h5i6j7l,approved,2025-01-08 11:00:02
e455e66f-77a8-8b9c-0d1e-2f3g4h5i6j7l,settled,2025-01-08 14:00:00
e455e66f-77a8-8b9c-0d1e-2f3g4h5i6j7l,complete,2025-01-08 14:01:35
e677g88b-99c0-0d1e-2f3g-4h5i6j7k8l9q,approved,2025-01-24 07:30:03
e677g88b-99c0-0d1e-2f3g-4h5i6j7k8l9q,held,2025-01-24 12:30:00
e677g88b-99c0-0d1e-2f3g-4h5i6j7k8l9q,settled,2025-01-26 12:30:00
e677g88b-99c0-0d1e-2f3g-4h5i6j7k8l9q,complete,2025-01-26 12:31:35
e899i00d-11e2-2f3g-4h5i-6j7k8l9m0n1v,approved,2025-01-09 05:00:02
e899i00d-11e2-2f3g-4h5i-6j7k8l9m0n1v,settled,2025-01-09 10:00:00
e899i00d-11e2-2f3g-4h5i-6j7k8l9m0n1v,complete,2025-01-09 10:01:00
f122b33c-44d5-5e6f-7a8b-9c0d1e2f3g4k,approved,2025-01-16 14:00:01
f122b33c-44d5-5e6f-7a8b-9c0d1e2f3g4k,settled,2025-01-16 19:00:00
f122b33c-44d5-5e6f-7a8b-9c0d1e2f3g4k,complete,2025-01-16 19:01:10
f344d55e-66f7-7a8b-9c0d-1e2f3g4h5i6p,approved,2025-01-01 15:45:03
f344d55e-66f7-7a8b-9c0d-1e2f3g4h5i6p,settled,2025-01-01 20:45:00
f344d55e-66f7-7a8b-9c0d-1e2f3g4h5i6p,complete,2025-01-01 20:46:55
f566f77a-88b9-9c0d-1e2f-3g4h5i6j7k8m,approved,2025-01-08 19:15:02
f566f77a-88b9-9c0d-1e2f-3g4h5i6j7k8m,settled,2025-01-09 01:00:00
f566f77a-88b9-9c0d-1e2f-3g4h5i6j7k8m,complete,2025-01-09 01:01:00
f788h99c-00d1-1e2f-3g4h-5i6j7k8l9m0r,approved,2025-01-24 13:30:01
f788h99c-00d1-1e2f-3g4h-5i6j7k8l9m0r,settled,2025-01-24 18:00:00
f788h99c-00d1-1e2f-3g4h-5i6j7k8l9m0r,complete,2025-01-24 18:01:30
f900j11e-22f3-3g4h-5i6j-7k8l9m0n1o2w,approved,2025-01-09 16:50:01
f900j11e-22f3-3g4h-5i6j-7k8l9m0n1o2w,held,2025-01-09 21:50:00